{"max": [0.0, 1.27062, 0.4], "centroid": [-0.20040965936073096, 0.7210116505936071, 0.33015679251141544], "id": "d374912c3a9fca96c141a04b2a487fd9", "numVertices": 876, "min": [-0.400023, 0.0, 0.0]}
